OBJECTID,IPEDSID,NAME,ADDRESS,CITY,STATE,ZIP,ZIP4,TELEPHONE,TYPE,STATUS,POPULATION,COUNTY,COUNTYFIPS,COUNTRY,LATITUDE,LONGITUDE,NAICS_CODE,NAICS_DESC,SOURCE,SOURCEDATE,VAL_METHOD,VAL_DATE,WEBSITE,STFIPS,COFIPS,SECTOR,LEVEL,HI_OFFER,DEG_GRANT,LOCALE,CLOSE_DATE,MERGE_ID,ALIAS,SIZE_SET,INST_SIZE,PT_ENROLL,FT_ENROLL,TOT_ENROLL,HOUSING,DORM_CAP,TOT_EMP,SHELTER_ID,x,y
44,485403,HIGH TECH HIGH GRADUATE SCHOOL OF EDUCATION,2861 WOMBLE ROAD,SAN DIEGO,CA,92106,NOT AVAILABLE,(619) 398-4902,2,A,147,SAN DIEGO,06073,USA,32.7349603930001,-117.217444933,611310,"COLLEGES, UNIVERSITIES, AND PROFESSIONAL SCHOOLS",https://nces.ed.gov/collegenavigator/?id=485403,2/13/2018 12:00:00 AM,IMAGERY/OTHER,2/15/2018 12:00:00 AM,hthgse.edu/,06,073,2,1,20,1,11,-2,-2,NOT AVAILABLE,-2,1,46,30,76,2,-999,71,NOT AVAILABLE,-13048586.2820301,3860176.99827952
74,447607,UNITED EDUCATION INSTITUTE-CHULA VISTA,"1261 THIRD AVENUE, SUITE A",CHULA VISTA,CA,91911,3262,(619) 409-4111,3,A,1251,SAN DIEGO,06073,USA,32.6086195680001,-117.065379415,611519,OTHER TECHNICAL AND TRADE SCHOOLS,https://nces.ed.gov/collegenavigator/?id=447607,2/13/2018 12:00:00 AM,IMAGERY/OTHER,6/25/2022 12:00:00 AM,https://www.uei.edu/,06,073,9,3,0,2,11,-2,-2,NOT AVAILABLE,-2,2,-999,1176,1176,2,-999,75,NOT AVAILABLE,-13031658.4259992,3843469.23958803
81,468848,UNITED EDUCATION INSTITUTE-UEI COLLEGE SAN MARCOS,2085 MONTIEL ROAD,SAN MARCOS,CA,92069,3587,(760) 690-5200,3,A,776,SAN DIEGO,06073,USA,33.1314285720001,-117.118565978,611519,OTHER TECHNICAL AND TRADE SCHOOLS,https://nces.ed.gov/collegenavigator/?id=468848,2/13/2018 12:00:00 AM,IMAGERY/OTHER,2/15/2018 12:00:00 AM,https://www.uei.edu/,06,073,9,1,0,2,21,-2,-2,NOT AVAILABLE,-2,1,-999,719,719,2,-999,57,NOT AVAILABLE,-13037579.1271094,3912761.92981605
765,481535,SANFORD BURNHAM PREBYS MEDICAL DISCOVERY INSTITUTE,10901 NORTH TORREY PINES ROAD,LA JOLLA,CA,92037,1005,(858) 646-3100 EXT 5138,2,R,728,SAN DIEGO,06073,USA,32.9014270070001,-117.241701714,611310,"COLLEGES, UNIVERSITIES, AND PROFESSIONAL SCHOOLS",https://nces.ed.gov/collegenavigator/?id=481535,8/10/2015 12:00:00 AM,IMAGERY/OTHER,9/2/2015 12:00:00 AM,https://www.sbpdiscovery.org/education/graduate-school,06,073,2,1,12,1,11,-2,-2,NOT AVAILABLE,26,1,-999,26,26,2,-999,702,NOT AVAILABLE,-13051286.5345393,3882227.3444026
979,444130,NORTHCENTRAL UNIVERSITY,11355 N. TORREY PINES ROAD,LA JOLLA,CA,92037,NOT AVAILABLE,(888) 327-2877,2,A,13097,SAN DIEGO,06073,USA,32.7366930000001,-117.214925,611310,"COLLEGES, UNIVERSITIES, AND PROFESSIONAL SCHOOLS",https://nces.ed.gov/collegenavigator/?id=444130,10/13/2009 12:00:00 AM,IMAGERY/OTHER,3/7/2019 12:00:00 AM,www.ncu.edu/,06,073,2,1,12,1,11,-2,-2,NOT AVAILABLE,17,4,7503,4968,12471,2,-999,626,NOT AVAILABLE,-13048305.7643718,3860406.28877375
1066,110468,ALLIANT INTERNATIONAL UNIVERSITY-SAN DIEGO,10455 POMERADO ROAD,SAN DIEGO,CA,92131,NOT AVAILABLE,(866) 825-5426,3,A,4023,SAN DIEGO,06073,USA,32.8970564260001,-117.094398098,611310,"COLLEGES, UNIVERSITIES, AND PROFESSIONAL SCHOOLS",https://nces.ed.gov/collegenavigator/?id=110468,10/13/2009 12:00:00 AM,IMAGERY,7/15/2016 12:00:00 AM,https://www.alliant.edu/,06,073,3,1,11,1,11,-2,-2,NOT AVAILABLE,17,2,1817,1612,3429,2,-999,594,NOT AVAILABLE,-13034888.7710142,3881647.88373635
1069,110680,UNIVERSITY OF CALIFORNIA-SAN DIEGO,9500 GILMAN DR,LA JOLLA,CA,92093,NOT AVAILABLE,(858) 534-2230,1,A,55842,SAN DIEGO,06073,USA,32.8765976550001,-117.237793479,611310,"COLLEGES, UNIVERSITIES, AND PROFESSIONAL SCHOOLS",https://nces.ed.gov/collegenavigator/?id=110680,10/13/2009 12:00:00 AM,IMAGERY,7/15/2016 12:00:00 AM,www.ucsd.edu/,06,073,1,1,11,1,11,-2,-2,UCSD UC SAN DIEGO,15,5,1504,38072,39576,1,17598,16266,NOT AVAILABLE,-13050851.4718092,3878935.79763922
1085,115287,GROSSMONT-CUYAMACA COMMUNITY COLLEGE DISTRICT,8800 GROSSMONT COLLEGE DR,EL CAJON,CA,92020,1799,(619) 644-7010,1,A,156,SAN DIEGO,06073,USA,32.8160537750001,-117.007291965,611710,EDUCATIONAL SUPPORT SERVICES,https://nces.ed.gov/collegenavigator/?id=115287,10/13/2009 12:00:00 AM,IMAGERY,7/15/2016 12:00:00 AM,www.gcccd.edu/,06,073,0,1,40,1,21,-2,-2,NOT AVAILABLE,-2,-2,-999,-999,-999,-2,-999,156,NOT AVAILABLE,-13025192.1606437,3870913.55370119
1357,121275,PLATT COLLEGE-SAN DIEGO,6250 EL CAJON BLVD,SAN DIEGO,CA,92115,3919,(619) 265-0107,3,A,136,SAN DIEGO,06073,USA,32.7637295690001,-117.063483045,611310,"COLLEGES, UNIVERSITIES, AND PROFESSIONAL SCHOOLS",https://nces.ed.gov/collegenavigator/?id=121275,10/13/2009 12:00:00 AM,IMAGERY,7/18/2016 12:00:00 AM,www.platt.edu/,06,073,3,2,30,1,11,-2,-2,NOT AVAILABLE,30,1,-999,96,96,2,-999,40,NOT AVAILABLE,-13031447.3230564,3863984.84367716
1475,377722,BELLUS ACADEMY-POWAY,13266 POWAY RD,POWAY,CA,92064,NOT AVAILABLE,(858) 748-1490 EXT 0,3,A,483,SAN DIEGO,06073,USA,32.9571841270001,-117.042531219,611511,COSMETOLOGY AND BARBER SCHOOLS,https://nces.ed.gov/collegenavigator/?id=377722,10/13/2009 12:00:00 AM,IMAGERY/OTHER,8/25/2015 12:00:00 AM,www.bellusacademy.edu/,06,073,6,2,0,2,13,-2,-2,BELLUS ACADEMY,-2,1,-999,424,424,2,-999,59,NOT AVAILABLE,-13029114.9764549,3889622.2503591
2032,434140,PIMA MEDICAL INSTITUTE-CHULA VISTA,780 BAY BLVD SUITE101,CHULA VISTA,CA,91910,NOT AVAILABLE,(619) 425-3200,3,A,820,SAN DIEGO,06073,USA,32.6191477950001,-117.093013618,611210,JUNIOR COLLEGES,https://nces.ed.gov/collegenavigator/?id=434140,10/13/2009 12:00:00 AM,GEOCODE,7/13/2016 12:00:00 AM,pmi.edu/,06,073,6,2,40,1,11,-2,-2,NOT AVAILABLE,10,1,-999,737,737,2,-999,83,NOT AVAILABLE,-13034734.6514056,3844860.62806264
2093,447050,UNITED STATES UNIVERSITY,7675 MISSION VALLEY ROAD,SAN DIEGO,CA,92108,NOT AVAILABLE,(619) 876-4250,3,A,2286,SAN DIEGO,06073,USA,32.7769000000001,-117.154904,611310,"COLLEGES, UNIVERSITIES, AND PROFESSIONAL SCHOOLS",https://nces.ed.gov/collegenavigator/?id=447050,10/13/2009 12:00:00 AM,IMAGERY/OTHER,4/5/2019 12:00:00 AM,https://www.usuniversity.edu/,06,073,3,1,20,1,11,-2,-2,USU,22,2,467,1514,1981,2,-999,305,NOT AVAILABLE,-13041624.2572148,3865728.47291394
2138,118912,MIRACOSTA COLLEGE,ONE BARNARD DRIVE,OCEANSIDE,CA,92056,3899,(760) 757-2121,1,A,13753,SAN DIEGO,06073,USA,33.190873853,-117.302032657,611210,JUNIOR COLLEGES,https://nces.ed.gov/collegenavigator/?id=118912,12/10/2009 12:00:00 AM,IMAGERY/OTHER,7/7/2016 12:00:00 AM,www.miracosta.edu/,06,073,1,1,30,1,21,-2,-2,NOT AVAILABLE,1,4,7971,4674,12645,2,-999,1108,10820593,-13058002.5443932,3920666.76699862
2139,120971,PALOMAR COLLEGE,1140 W. MISSION,SAN MARCOS,CA,92069,1487,(760) 744-1150,1,A,22506,SAN DIEGO,06073,USA,33.1501895750001,-117.181718,611210,JUNIOR COLLEGES,https://nces.ed.gov/collegenavigator/?id=120971,12/10/2009 12:00:00 AM,IMAGERY/OTHER,7/26/2016 12:00:00 AM,www2.palomar.edu/,06,073,4,1,40,1,21,-2,-2,NOT AVAILABLE,1,5,14140,7001,21141,2,-999,1365,NOT AVAILABLE,-13044609.178041,3915256.12739816
2429,119775,NEWSCHOOL OF ARCHITECTURE AND DESIGN,1249 F ST,SAN DIEGO,CA,92101,NOT AVAILABLE,(800) 490-7081,3,A,589,SAN DIEGO,06073,USA,32.7133096690001,-117.153305406,611310,"COLLEGES, UNIVERSITIES, AND PROFESSIONAL SCHOOLS",https://nces.ed.gov/collegenavigator/?id=119775,10/13/2009 12:00:00 AM,IMAGERY,7/18/2016 12:00:00 AM,www.newschoolarch.edu/,06,073,3,1,20,1,11,-2,-2,NOT AVAILABLE,30,1,52,403,455,2,-999,134,NOT AVAILABLE,-13041446.3025448,3857312.15113575
2436,122320,SAN DIEGO COMMUNITY COLLEGE DISTRICT-DISTRICT OFFICE,3375 CAMINO DEL RIO SOUTH,SAN DIEGO,CA,92108,NOT AVAILABLE,(619) 388-6500,1,A,526,SAN DIEGO,06073,USA,32.7763004110001,-117.1204797,611710,EDUCATIONAL SUPPORT SERVICES,https://nces.ed.gov/collegenavigator/?id=122320,10/13/2009 12:00:00 AM,IMAGERY/OTHER,7/19/2016 12:00:00 AM,www.sdccd.edu/,06,073,0,3,30,1,11,-2,-2,SAN DIEGO COMMUNITY COLLEGE DISTRICT - DISTRICT OFFICE,-2,-2,-999,-999,-999,-2,-999,526,NOT AVAILABLE,-13037792.1616679,3865649.08790784
2440,123800,SOUTHWESTERN COLLEGE,900 OTAY LAKES RD.,CHULA VISTA,CA,91910,7299,(619) 421-6700,1,A,18957,SAN DIEGO,06073,USA,32.6415666980001,-116.997214533,611210,JUNIOR COLLEGES,https://nces.ed.gov/collegenavigator/?id=123800,10/13/2009 12:00:00 AM,IMAGERY,7/22/2016 12:00:00 AM,https://www.swccd.edu/,06,073,4,2,40,1,11,-2,-2,SOUTHWESTERN COMMUNITY COLLEGE DISTRICT,1,4,11218,6403,17621,2,-999,1336,NOT AVAILABLE,-13024070.3460449,3847824.00875703
2536,122375,SAN DIEGO MESA COLLEGE,7250 MESA COLLEGE DR,SAN DIEGO,CA,92111,4998,(619) 388-2600,1,A,21616,SAN DIEGO,06073,USA,32.8048046710001,-117.169022544,611210,JUNIOR COLLEGES,https://nces.ed.gov/collegenavigator/?id=122375,12/10/2009 12:00:00 AM,IMAGERY/OTHER,7/27/2016 12:00:00 AM,www.sdmesa.edu/,06,073,1,2,30,1,11,-2,-2,NOT AVAILABLE,1,5,16725,3968,20693,2,-999,923,NOT AVAILABLE,-13043195.9263437,3869423.61648239
2537,126049,THOMAS JEFFERSON SCHOOL OF LAW,701 B STREET - SUITE 110,SAN DIEGO,CA,92101,NOT AVAILABLE,(619) 961-4325,2,A,301,SAN DIEGO,06073,USA,32.7179554730001,-117.15829375,611310,"COLLEGES, UNIVERSITIES, AND PROFESSIONAL SCHOOLS",https://nces.ed.gov/collegenavigator/?id=126049,12/10/2009 12:00:00 AM,IMAGERY/OTHER,1/30/2020 12:00:00 AM,www.tjsl.edu/,06,073,2,2,13,1,11,-2,-2,NOT AVAILABLE,31,1,72,175,247,2,-999,54,NOT AVAILABLE,-13042001.6024588,3857926.83031676
2664,454795,HEALING HANDS SCHOOL OF HOLISTIC HEALTH,125 W MISSION AVE STE 212,ESCONDIDO,CA,92025,NOT AVAILABLE,(760) 746-9364,3,A,391,SAN DIEGO,06073,USA,33.1296180000001,-117.086215,611519,OTHER TECHNICAL AND TRADE SCHOOLS,https://nces.ed.gov/collegenavigator/?id=454795,6/2/2011 12:00:00 AM,IMAGERY/OTHER,5/25/2022 12:00:00 AM,https://hhs.edu/,06,073,9,1,0,2,21,-2,-2,NOT AVAILABLE,-2,1,120,244,364,2,-999,27,NOT AVAILABLE,-13033977.8327117,3912521.24998198
2720,111391,CALIFORNIA WESTERN SCHOOL OF LAW,225 CEDAR ST,SAN DIEGO,CA,92101,3046,(619) 239-0391,2,A,999,SAN DIEGO,06073,USA,32.721710892,-117.162591821,611310,"COLLEGES, UNIVERSITIES, AND PROFESSIONAL SCHOOLS",https://nces.ed.gov/collegenavigator/?id=111391,10/13/2009 12:00:00 AM,IMAGERY/OTHER,1/24/2019 12:00:00 AM,https://www.cwsl.edu/,06,073,2,1,13,1,11,-2,-2,NOT AVAILABLE,31,1,261,535,796,2,-999,203,NOT AVAILABLE,-13042480.0615339,3858423.7274308
2723,116563,BELLUS ACADEMY-EL CAJON,1073 E MAIN ST,EL CAJON,CA,92021,NOT AVAILABLE,(619) 442-3407,3,A,202,SAN DIEGO,06073,USA,32.794071763,-116.94626991,611511,COSMETOLOGY AND BARBER SCHOOLS,https://nces.ed.gov/collegenavigator/?id=116563,10/13/2009 12:00:00 AM,IMAGERY/OTHER,8/25/2015 12:00:00 AM,www.bellusacademy.edu/,06,073,6,2,0,2,21,-2,-2,BELLUS ACADEMY,-2,1,-999,184,184,2,-999,18,NOT AVAILABLE,-13018399.2165539,3868002.22488539
3117,492315,POWAY ADULT SCHOOL,13626 TWIN PEAKS ROAD,POWAY,CA,92064,NOT AVAILABLE,(858) 668-4024,1,A,90,SAN DIEGO,06073,USA,32.978817,-117.035819,611519,OTHER TECHNICAL AND TRADE SCHOOLS,https://nces.ed.gov/collegenavigator/?id=492315,12/4/2019 12:00:00 AM,IMAGERY/OTHER,12/16/2019 12:00:00 AM,www.powayadultschool.com/,06,073,7,3,0,2,13,-2,-2,NOT AVAILABLE,-2,1,90,-999,90,2,-999,-999,NOT AVAILABLE,-13028367.7756537,3892492.61185553
3336,485494,ASSOCIATED BARBER COLLEGE OF SAN DIEGO,1333 5TH AVENUE,SAN DIEGO,CA,92101,4210,(619) 234-7703 EXT 104,3,A,94,SAN DIEGO,06073,USA,32.7193060770001,-117.160002748,611511,COSMETOLOGY AND BARBER SCHOOLS,https://nces.ed.gov/collegenavigator/?id=485494,2/13/2018 12:00:00 AM,IMAGERY/OTHER,2/15/2018 12:00:00 AM,sandiegobarbercollege.com/,06,073,9,1,0,2,11,-2,-2,NOT AVAILABLE,-2,1,-999,81,81,2,-999,13,NOT AVAILABLE,-13042191.8472459,3858105.53266164
3350,457244,SAN DIEGO CULINARY INSTITUTE,8024 LA MESA BLVD,LA MESA,CA,91942,NOT AVAILABLE,(619) 644-2100,3,D,-999,SAN DIEGO,06073,USA,32.7643293960001,-117.023814695,611519,OTHER TECHNICAL AND TRADE SCHOOLS,https://nces.ed.gov/collegenavigator/?id=457244,6/25/2013 12:00:00 AM,IMAGERY/OTHER,5/23/2016 12:00:00 AM,www.sandiegoculinary.edu,06,073,9,2,0,2,21,03/31/2020,-2,NOT AVAILABLE,-2,-2,-999,-999,-999,-1,-999,-999,NOT AVAILABLE,-13027031.4625338,3864064.24897878
3379,486497,CALIFORNIA BARBER AND BEAUTY COLLEGE,5315 EL CAJON BOULEVARD,SAN DIEGO,CA,92115,4730,(619) 265-0500,3,A,52,SAN DIEGO,06073,USA,32.7572200000001,-117.081321,611511,COSMETOLOGY AND BARBER SCHOOLS,https://nces.ed.gov/collegenavigator/?id=486497,2/13/2018 12:00:00 AM,IMAGERY/OTHER,2/19/2018 12:00:00 AM,https://www.californiabarberandbeauty.com/,06,073,9,1,0,2,11,-2,-2,NOT AVAILABLE,-2,1,2,43,45,2,-999,7,NOT AVAILABLE,-13033433.0351238,3863123.13912936
3842,462354,JOHN PAUL THE GREAT CATHOLIC UNIVERSITY,155 W. GRAND AVE,ESCONDIDO,CA,92025,NOT AVAILABLE,(858) 653-6740,2,A,364,SAN DIEGO,06073,USA,33.1208500000001,-117.082401,611310,"COLLEGES, UNIVERSITIES, AND PROFESSIONAL SCHOOLS",https://nces.ed.gov/collegenavigator/?id=462354,6/25/2013 12:00:00 AM,IMAGERY/OTHER,3/7/2019 12:00:00 AM,https://jpcatholic.edu/,06,073,2,3,30,1,21,-2,-2,NOT AVAILABLE,22,1,18,256,274,1,225,90,NOT AVAILABLE,-13033553.2601739,3911355.78754174
3984,478634,CALIFORNIA COLLEGE SAN DIEGO,"277 RANCHEROS DRIVE, SUITE 200",SAN MARCOS,CA,92069,2971,(619) 680-4430 EXT 1501,2,A,183,SAN DIEGO,06073,USA,33.1382963570001,-117.160650873,611310,"COLLEGES, UNIVERSITIES, AND PROFESSIONAL SCHOOLS",https://nces.ed.gov/collegenavigator/?id=478634,8/10/2015 12:00:00 AM,IMAGERY/OTHER,8/26/2015 12:00:00 AM,www.cc-sd.edu/,06,073,2,1,30,1,21,-2,-2,SAN MARCOS BRANCH CAMPUS,14,1,-999,135,135,2,-999,48,NOT AVAILABLE,-13042263.9961909,3913674.91149516
4105,483586,CALIFORNIA INTERNATIONAL BUSINESS UNIVERSITY,550 WEST B STREET,SAN DIEGO,CA,92101,NOT AVAILABLE,(619) 384-8596,2,A,-999,SAN DIEGO,06073,USA,32.7200689690001,-117.16766387,611310,"COLLEGES, UNIVERSITIES, AND PROFESSIONAL SCHOOLS",https://nces.ed.gov/collegenavigator/?id=483586,1/21/2016 12:00:00 AM,IMAGERY/OTHER,1/21/2016 12:00:00 AM,www.cibu.edu,06,073,2,1,12,1,11,-2,-2,NOT AVAILABLE,-2,-1,-999,-999,-999,-1,-999,-999,NOT AVAILABLE,-13043044.6794458,3858206.47431791
4158,485263,CALIFORNIA COLLEGE SAN DIEGO,6602 CONVOY COURT STE 100,SAN DIEGO,CA,92111,NOT AVAILABLE,(619) 680-4430 EXT 1501,2,A,351,SAN DIEGO,06073,USA,32.8349593200001,-117.167110985,611310,"COLLEGES, UNIVERSITIES, AND PROFESSIONAL SCHOOLS",https://nces.ed.gov/collegenavigator/?id=485263,1/21/2016 12:00:00 AM,IMAGERY/OTHER,2/1/2019 12:00:00 AM,www.cc-sd.edu/,06,073,2,1,30,1,11,-2,-2,NOT AVAILABLE,26,1,-999,235,235,2,-999,116,NOT AVAILABLE,-13042983.1325692,3873418.00702924
4163,366711,CALIFORNIA STATE UNIVERSITY-SAN MARCOS,333 S TWIN OAKS VALLEY RD,SAN MARCOS,CA,92096,0001,(760) 750-4000,1,A,18014,SAN DIEGO,06073,USA,33.128172815,-117.158584071,611310,"COLLEGES, UNIVERSITIES, AND PROFESSIONAL SCHOOLS",https://nces.ed.gov/collegenavigator/?id=366711,12/10/2009 12:00:00 AM,IMAGERY/OTHER,7/26/2016 12:00:00 AM,www.csusm.edu/,06,073,1,1,14,1,21,-2,-2,NOT AVAILABLE,19,4,3007,13360,16367,1,1547,1647,NOT AVAILABLE,-13042033.9208446,3912329.14470449
4188,154022,ASHFORD UNIVERSITY,8620 SPECTRUM CENTER BOULEVARD,SAN DIEGO,CA,92123,NOT AVAILABLE,(866) 711-1700,3,A,33440,SAN DIEGO,06073,USA,32.8270890000001,-117.141277,611310,"COLLEGES, UNIVERSITIES, AND PROFESSIONAL SCHOOLS",https://nces.ed.gov/collegenavigator/?id=154022,10/13/2009 12:00:00 AM,IMAGERY/OTHER,1/25/2019 12:00:00 AM,www.ashford.edu/,06,073,3,2,12,1,11,-2,-2,NOT AVAILABLE,18,5,-999,31115,31115,2,-999,2325,NOT AVAILABLE,-13040107.3065138,3872375.34607295
4261,111054,CALIFORNIA HAIR DESIGN ACADEMY,"8011 UNIVERSITY AVENUE, SUITE A-2",LA MESA,CA,91942,5055,(619) 461-8600,3,A,94,SAN DIEGO,06073,USA,32.7652209570001,-117.024260531,611511,COSMETOLOGY AND BARBER SCHOOLS,https://nces.ed.gov/collegenavigator/?id=111054,10/13/2009 12:00:00 AM,GEOCODE,7/15/2016 12:00:00 AM,https://chdaschools.com/,06,073,9,1,0,2,21,-2,-2,NOT AVAILABLE,-2,1,-999,77,77,2,-999,17,NOT AVAILABLE,-13027081.0927703,3864182.27511482
4282,115296,GROSSMONT COLLEGE,8800 GROSSMONT COLLEGE DR,EL CAJON,CA,92020,1799,(619) 644-7000,1,A,16406,SAN DIEGO,06073,USA,32.8160770580001,-117.007291965,611210,JUNIOR COLLEGES,https://nces.ed.gov/collegenavigator/?id=115296,10/13/2009 12:00:00 AM,IMAGERY,7/15/2016 12:00:00 AM,https://www.grossmont.edu/,06,073,4,2,40,1,21,-2,-2,NOT AVAILABLE,1,4,10610,4816,15426,2,-999,980,NOT AVAILABLE,-13025192.1606437,3870916.63771647
4380,113218,CUYAMACA COLLEGE,900 RANCHO SAN DIEGO PKY,EL CAJON,CA,92019,NOT AVAILABLE,(619) 660-4000,1,A,9249,SAN DIEGO,06073,USA,32.742928869,-116.94064544,611210,JUNIOR COLLEGES,https://nces.ed.gov/collegenavigator/?id=113218,12/10/2009 12:00:00 AM,IMAGERY/OTHER,7/27/2016 12:00:00 AM,https://www.cuyamaca.edu/,06,073,4,1,40,1,21,-2,-2,NOT AVAILABLE,2,3,7074,1646,8720,2,-999,529,NOT AVAILABLE,-13017773.1034175,3861231.57079759
4381,113582,DESIGN INSTITUTE OF SAN DIEGO,8555 COMMERCE AVE,SAN DIEGO,CA,92121,NOT AVAILABLE,(858) 566-1200,3,A,172,SAN DIEGO,06073,USA,32.8809010000001,-117.167402,611310,"COLLEGES, UNIVERSITIES, AND PROFESSIONAL SCHOOLS",https://nces.ed.gov/collegenavigator/?id=113582,12/10/2009 12:00:00 AM,IMAGERY/OTHER,7/27/2016 12:00:00 AM,www.disd.edu/,06,073,3,3,20,1,11,-2,-2,NOT AVAILABLE,30,1,55,75,130,2,-999,42,NOT AVAILABLE,-13043015.5282108,3879506.21207515
4642,444361,ATA COLLEGE,"1810 GILLESPIE WAY, SUITE 104",EL CAJON,CA,92020,NOT AVAILABLE,(619) 596-2766,3,A,105,SAN DIEGO,06073,USA,32.8190225720001,-116.981780975,611210,JUNIOR COLLEGES,https://nces.ed.gov/collegenavigator/?id=444361,10/13/2009 12:00:00 AM,IMAGERY/OTHER,10/16/2015 12:00:00 AM,www.advancedtraining.edu/,06,073,6,2,40,1,21,-2,-2,ATA COLLEGE,11,1,-999,83,83,2,-999,22,NOT AVAILABLE,-13022352.2902273,3871306.80057921
4665,480781,CALIFORNIA MIRAMAR UNIVERSITY,"3550 CAMINO DEL RIO NORTH, SUITE 208",SAN DIEGO,CA,92108,NOT AVAILABLE,(858) 653-3000 EXT 11,3,A,210,SAN DIEGO,06073,USA,32.7794200000001,-117.11851,611310,"COLLEGES, UNIVERSITIES, AND PROFESSIONAL SCHOOLS",https://nces.ed.gov/collegenavigator/?id=480781,8/10/2015 12:00:00 AM,IMAGERY/OTHER,3/19/2019 12:00:00 AM,www.calmu.edu/,06,073,3,1,12,1,11,-2,-2,NOT AVAILABLE,29,1,-999,174,174,2,-999,36,NOT AVAILABLE,-13037572.8956669,3866062.12433542
4722,378576,PACIFIC COLLEGE OF HEALTH AND SCIENCE,7445 MISSION VALLEY RD STE 105,SAN DIEGO,CA,92108,4407,(619) 574-6909 EXT 104,3,A,1106,SAN DIEGO,06073,USA,32.7783905360001,-117.160729915,611310,"COLLEGES, UNIVERSITIES, AND PROFESSIONAL SCHOOLS",https://nces.ed.gov/collegenavigator/?id=378576,10/13/2009 12:00:00 AM,IMAGERY/OTHER,6/16/2016 12:00:00 AM,www.pacificcollege.edu/,06,073,3,1,13,1,11,-2,-2,NOT AVAILABLE,26,1,466,501,967,2,-999,139,NOT AVAILABLE,-13042272.7951061,3865925.82076246
5010,367954,UNIVERSITY OF ST. AUGUSTINE FOR HEALTH SCIENCES,700 WINDY POINT DRIVE,SAN MARCOS,CA,92069,NOT AVAILABLE,(904) 826-0084,3,A,5713,SAN DIEGO,06073,USA,33.151892054,-117.165952923,611310,"COLLEGES, UNIVERSITIES, AND PROFESSIONAL SCHOOLS",https://nces.ed.gov/collegenavigator/?id=367954,6/2/2011 12:00:00 AM,GEOCODE,10/29/2015 12:00:00 AM,www.usa.edu/,06,073,3,1,11,1,21,-2,-2,UNIVERSITY OF ST. AUGUSTINE,26,2,328,4383,4711,2,-999,1002,NOT AVAILABLE,-13042854.217697,3915482.49131877
5525,449968,PAUL MITCHELL THE SCHOOL-SAN DIEGO,410 A STREET,SAN DIEGO,CA,92101,NOT AVAILABLE,(619) 398-1590,3,A,296,SAN DIEGO,06073,USA,32.719045356,-117.160779832,611511,COSMETOLOGY AND BARBER SCHOOLS,https://nces.ed.gov/collegenavigator/?id=449968,10/13/2009 12:00:00 AM,IMAGERY,7/14/2016 12:00:00 AM,paulmitchell.edu/sandiego,06,073,6,1,0,2,11,-2,-2,NOT AVAILABLE,-2,1,37,233,270,2,-999,26,NOT AVAILABLE,-13042278.3518411,3858071.03569676
5543,112084,SAN DIEGO CHRISTIAN COLLEGE,200 RIVERVIEW PARKWAY,SANTEE,CA,92071,NOT AVAILABLE,(619) 201-8700,2,A,716,SAN DIEGO,06073,USA,32.843031318,-116.977787868,611310,"COLLEGES, UNIVERSITIES, AND PROFESSIONAL SCHOOLS",https://nces.ed.gov/collegenavigator/?id=112084,10/13/2009 12:00:00 AM,IMAGERY/OTHER,1/30/2020 12:00:00 AM,sdcc.edu/,06,073,2,2,20,1,21,-2,-2,NOT AVAILABLE,22,1,90,422,512,1,175,204,NOT AVAILABLE,-13021907.7795893,3874487.48232382
5557,125718,WESTMINSTER THEOLOGICAL SEMINARY IN CALIFORNIA,1725 BEAR VALLEY PARKWAY,ESCONDIDO,CA,92027,NOT AVAILABLE,(760) 480-8474,2,A,175,SAN DIEGO,06073,USA,33.121446592,-117.046371008,611310,"COLLEGES, UNIVERSITIES, AND PROFESSIONAL SCHOOLS",https://nces.ed.gov/collegenavigator/?id=125718,10/13/2009 12:00:00 AM,IMAGERY,7/25/2016 12:00:00 AM,www.wscal.edu/,06,073,2,2,20,1,21,-2,-2,WESTMINSTER SEMINARY CALIFORNIA,24,1,35,99,134,1,136,41,NOT AVAILABLE,-13029542.4198111,3911435.08421341
5573,114947,GEMOLOGICAL INSTITUTE OF AMERICA-CARLSBAD,5345 ARMADA DR,CARLSBAD,CA,92008,NOT AVAILABLE,(760) 603-4000,2,A,147,SAN DIEGO,06073,USA,33.1313132990001,-117.318764894,611519,OTHER TECHNICAL AND TRADE SCHOOLS,https://nces.ed.gov/collegenavigator/?id=114947,10/13/2009 12:00:00 AM,IMAGERY/OTHER,7/26/2016 12:00:00 AM,www.gia.edu/gem-education,06,073,8,1,0,2,12,-2,-2,GIA,-2,1,-999,29,29,2,-999,118,NOT AVAILABLE,-13059865.1684959,3912746.60639649
5650,114734,FRANCISCAN SCHOOL OF THEOLOGY,5998 ALCALA PARK,SAN DIEGO,CA,92110,NOT AVAILABLE,(619) 574-5800,2,A,68,SAN DIEGO,06073,USA,33.2326200000001,-117.31986,611310,"COLLEGES, UNIVERSITIES, AND PROFESSIONAL SCHOOLS",https://nces.ed.gov/collegenavigator/?id=114734,10/13/2009 12:00:00 AM,IMAGERY/OTHER,3/6/2019 12:00:00 AM,www.fst.edu/,06,073,2,1,20,1,11,-2,-2,FST,24,1,31,26,57,2,-999,11,NOT AVAILABLE,-13059987.0751381,3926221.23867125
5667,122339,SAN DIEGO CITY COLLEGE,1313 PARK BOULEVARD,SAN DIEGO,CA,92101,4787,(619) 388-3400,1,A,15561,SAN DIEGO,06073,USA,32.7188552200001,-117.151641034,611210,JUNIOR COLLEGES,https://nces.ed.gov/collegenavigator/?id=122339,10/13/2009 12:00:00 AM,IMAGERY,7/19/2016 12:00:00 AM,www.sdcity.edu/,06,073,4,1,40,1,11,-2,-2,NOT AVAILABLE,4,4,12914,1951,14865,2,-999,696,NOT AVAILABLE,-13041261.0255012,3858045.87815927
5668,122384,SAN DIEGO MIRAMAR COLLEGE,10440 BLACK MOUNTAIN RD,SAN DIEGO,CA,92126,2999,(619) 388-7800,1,A,14026,SAN DIEGO,06073,USA,32.909545947,-117.120887747,611210,JUNIOR COLLEGES,https://nces.ed.gov/collegenavigator/?id=122384,10/13/2009 12:00:00 AM,IMAGERY,7/19/2016 12:00:00 AM,www.sdmiramar.edu/,06,073,4,1,40,1,11,-2,-2,NOT AVAILABLE,5,4,11516,1892,13408,2,-999,618,NOT AVAILABLE,-13037837.5852522,3883303.84616508
5669,122409,SAN DIEGO STATE UNIVERSITY,5500 CAMPANILE DR,SAN DIEGO,CA,92182,0001,(619) 594-5200,1,A,40053,SAN DIEGO,06073,USA,32.7752498,-117.071227857,611310,"COLLEGES, UNIVERSITIES, AND PROFESSIONAL SCHOOLS",https://nces.ed.gov/collegenavigator/?id=122409,10/13/2009 12:00:00 AM,IMAGERY,7/19/2016 12:00:00 AM,www.sdsu.edu/,06,073,1,1,11,1,11,-2,-2,NOT AVAILABLE,16,5,5185,31149,36334,1,7472,3719,NOT AVAILABLE,-13032309.4715845,3865509.98931308
5670,122436,UNIVERSITY OF SAN DIEGO,5998 ALCALA PARK,SAN DIEGO,CA,92110,2492,(619) 260-4600,2,A,11226,SAN DIEGO,06073,USA,32.7714202510001,-117.188720861,611310,"COLLEGES, UNIVERSITIES, AND PROFESSIONAL SCHOOLS",https://nces.ed.gov/collegenavigator/?id=122436,10/13/2009 12:00:00 AM,IMAGERY,7/19/2016 12:00:00 AM,www.sandiego.edu/,06,073,2,1,11,1,11,-2,-2,USD,17,3,1839,7022,8861,1,2675,2365,NOT AVAILABLE,-13045388.7329616,3865002.97931686
5763,119605,NATIONAL UNIVERSITY,11255 NORTH TORREY PINES ROAD,LA JOLLA,CA,92037,1011,(800) 628-8648,2,A,21431,SAN DIEGO,06073,USA,32.909894364,-117.24302561,611310,"COLLEGES, UNIVERSITIES, AND PROFESSIONAL SCHOOLS",https://nces.ed.gov/collegenavigator/?id=119605,12/10/2009 12:00:00 AM,IMAGERY/OTHER,7/27/2016 12:00:00 AM,www.nu.edu/,06,073,2,1,13,1,11,-2,-2,NOT AVAILABLE,18,4,8863,9207,18070,2,-999,3361,NOT AVAILABLE,-13051433.9099679,3883350.04547793
5764,121309,POINT LOMA NAZARENE UNIVERSITY,3900 LOMALAND DR,SAN DIEGO,CA,92106,2899,(619) 849-2200,2,A,5491,SAN DIEGO,06073,USA,32.7168713180001,-117.250211265,611310,"COLLEGES, UNIVERSITIES, AND PROFESSIONAL SCHOOLS",https://nces.ed.gov/collegenavigator/?id=121309,12/10/2009 12:00:00 AM,IMAGERY/OTHER,7/27/2016 12:00:00 AM,www.pointloma.edu/,06,073,2,1,13,1,11,-2,-2,PLNU,18,2,1435,3181,4616,1,1845,875,NOT AVAILABLE,-13052233.8134235,3857783.38457236
5822,262022,BETHEL SEMINARY-SAN DIEGO,6116 AROSA ST,SAN DIEGO,CA,92115,NOT AVAILABLE,(619) 325-5200,2,A,31,SAN DIEGO,06073,USA,32.765386865,-117.066050002,611310,"COLLEGES, UNIVERSITIES, AND PROFESSIONAL SCHOOLS",https://nces.ed.gov/collegenavigator/?id=262022,10/13/2009 12:00:00 AM,IMAGERY/OTHER,6/15/2016 12:00:00 AM,https://www.bethel.edu/,06,073,2,3,20,1,11,-2,-2,BETHEL UNIVERSITY/BETHEL SEMINARY SAN DIEGO,24,1,16,15,31,2,-999,-999,NOT AVAILABLE,-13031733.0754025,3864204.23838651
5826,365125,PALOMAR INSTITUTE OF COSMETOLOGY,355 VIA VERA CRUZ #3,SAN MARCOS,CA,92078,NOT AVAILABLE,(760) 744-7900 EXT 113,3,A,119,SAN DIEGO,06073,USA,33.136630397,-117.18835054,611511,COSMETOLOGY AND BARBER SCHOOLS,https://nces.ed.gov/collegenavigator/?id=365125,10/13/2009 12:00:00 AM,IMAGERY/OTHER,6/15/2016 12:00:00 AM,https://pic.edu/,06,073,9,3,0,2,21,-2,-2,NOT AVAILABLE,-2,1,-999,99,99,2,-999,20,NOT AVAILABLE,-13045347.5090164,3913453.43746401
5955,109730,ASSOCIATED TECHNICAL COLLEGE-SAN DIEGO,"2650 CAMINO DEL RIO NORTH, STE. 100",SAN DIEGO,CA,92108,1630,(619) 234-2181 EXT 309,3,A,56,SAN DIEGO,06073,USA,32.715460025,-117.15819587,611519,OTHER TECHNICAL AND TRADE SCHOOLS,https://nces.ed.gov/collegenavigator/?id=109730,10/13/2009 12:00:00 AM,IMAGERY/OTHER,6/21/2016 12:00:00 AM,www.atcsd.edu/,06,073,9,3,0,2,11,-2,-2,NOT AVAILABLE,-2,1,-999,45,45,2,-999,11,NOT AVAILABLE,-13041990.706507,3857596.65745042
5956,109934,BELLUS ACADEMY-CHULA VISTA,"970 BROADWAY, SUITE 110",CHULA VISTA,CA,91911,NOT AVAILABLE,(619) 474-6607 EXT 0,3,A,363,SAN DIEGO,06073,USA,32.67656994,-117.089700221,611511,COSMETOLOGY AND BARBER SCHOOLS,https://nces.ed.gov/collegenavigator/?id=109934,10/13/2009 12:00:00 AM,IMAGERY/OTHER,8/25/2015 12:00:00 AM,www.bellusacademy.edu/,06,073,6,3,0,2,11,-2,-2,BELLUS ACADEMY,-2,1,-999,334,334,2,-999,29,NOT AVAILABLE,-13034365.8057388,3852452.30111321
5958,111708,CET-SAN DIEGO,4153 MARKET STREET,SAN DIEGO,CA,92102,NOT AVAILABLE,(408) 287-7924,2,A,213,SAN DIEGO,06073,USA,32.711239,-117.105459,611519,OTHER TECHNICAL AND TRADE SCHOOLS,https://nces.ed.gov/collegenavigator/?id=111708,10/13/2009 12:00:00 AM,IMAGERY/OTHER,8/25/2015 12:00:00 AM,https://www.cetweb.edu/,06,073,8,3,0,2,11,-2,-2,NOT AVAILABLE,-2,1,-999,197,197,2,-999,16,NOT AVAILABLE,-13036120.0649926,3857038.19441986
5960,117575,SOUTHERN CALIFORNIA SEMINARY,2075 E. MADISON AVENUE,EL CAJON,CA,92019,1108,(619) 201-8999,2,A,213,SAN DIEGO,06073,USA,32.799613666,-116.905461243,611310,"COLLEGES, UNIVERSITIES, AND PROFESSIONAL SCHOOLS",https://nces.ed.gov/collegenavigator/?id=117575,10/13/2009 12:00:00 AM,IMAGERY/OTHER,6/21/2016 12:00:00 AM,www.socalsem.edu/,06,073,2,1,13,1,21,-2,-2,NOT AVAILABLE,24,1,108,66,174,1,10,39,NOT AVAILABLE,-13013856.4165235,3868736.1345018
5964,120661,CONCORDE CAREER COLLEGE-SAN DIEGO,"4393 IMPERIAL AVENUE, SUITE 100",SAN DIEGO,CA,92113,1964,(619) 688-0800,3,A,816,SAN DIEGO,06073,USA,32.702776837,-117.102897882,611210,JUNIOR COLLEGES,https://nces.ed.gov/collegenavigator/?id=120661,10/13/2009 12:00:00 AM,IMAGERY/OTHER,1/24/2019 12:00:00 AM,https://www.concorde.edu/campus/san-diego-california,06,073,6,1,40,1,11,-2,-2,NOT AVAILABLE,10,1,19,714,733,2,-999,83,NOT AVAILABLE,-13035834.962641,3855918.68688744
6253,488785,UNIVERSITY OF SAINT KATHERINE,1637 CAPALINA ROAD,SAN MARCOS,CA,92069,NOT AVAILABLE,(760) 471-1316,2,A,318,SAN DIEGO,06073,USA,33.151261994,-117.196573124,611310,"COLLEGES, UNIVERSITIES, AND PROFESSIONAL SCHOOLS",https://nces.ed.gov/collegenavigator/?id=488785,11/6/2018 12:00:00 AM,IMAGERY/OTHER,11/7/2018 12:00:00 AM,www.usk.edu/,06,073,2,1,30,1,21,-2,-2,NOT AVAILABLE,-2,1,19,230,249,2,-999,69,NOT AVAILABLE,-13046262.8428803,3915398.71717317
6256,490063,SOUTHERN STATES UNIVERSITY,"1094 CUHADY PLACE, #120",SAN DIEGO,CA,92110,NOT AVAILABLE,(619) 298-1829,3,A,398,SAN DIEGO,06073,USA,32.7676616410001,-117.201535379,611310,"COLLEGES, UNIVERSITIES, AND PROFESSIONAL SCHOOLS",https://nces.ed.gov/collegenavigator/?id=490063,11/6/2018 12:00:00 AM,IMAGERY/OTHER,11/8/2018 12:00:00 AM,www.ssu.edu/,06,073,3,3,20,1,11,-2,-2,NOT AVAILABLE,-2,1,-999,358,358,2,-999,40,NOT AVAILABLE,-13046815.2385801,3864505.38244366
6268,490285,CALIFORNIA INSTITUTE OF ARTS & TECHNOLOGY,2820 CAMINO DEL RIO SOUTH SUITE 100,SAN DIEGO,CA,92108,3822,(877) 559-3621,3,A,375,SAN DIEGO,06073,USA,32.770804884,-117.13413325,611210,JUNIOR COLLEGES,https://nces.ed.gov/collegenavigator/?id=490285,11/6/2018 12:00:00 AM,IMAGERY/OTHER,11/9/2018 12:00:00 AM,www.ciat.edu/,06,073,6,3,40,1,11,-2,-2,NOT AVAILABLE,-2,1,-999,332,332,2,-999,43,NOT AVAILABLE,-13039312.0679015,3864921.51034249
6286,491190,THE CHICAGO SCHOOL OF PROFESSIONAL PSYCHOLOGY AT SAN DIEGO,401 W. A STREET AT 1 COLUMBIA PLACE,SAN DIEGO,CA,92101,7903,(619) 541-4500,2,A,123,SAN DIEGO,06073,USA,32.7183175000001,-117.167066625,611310,"COLLEGES, UNIVERSITIES, AND PROFESSIONAL SCHOOLS",https://nces.ed.gov/collegenavigator/?id=491190,11/6/2018 12:00:00 AM,IMAGERY/OTHER,11/15/2018 12:00:00 AM,https://www.thechicagoschool.edu/san-diego/,06,073,2,1,13,1,11,-2,-2,NOT AVAILABLE,-2,1,35,81,116,2,-999,7,NOT AVAILABLE,-13042978.1944366,3857974.73089698
6303,491659,ICOHS COLLEGE,1770 4TH AVENUE,SAN DIEGO,CA,92101,2607,(858) 581-9460 EXT 309,2,A,126,SAN DIEGO,06073,USA,32.7211836160001,-117.166850071,611519,OTHER TECHNICAL AND TRADE SCHOOLS,https://nces.ed.gov/collegenavigator/?id=491659,12/4/2019 12:00:00 AM,IMAGERY/OTHER,12/12/2019 12:00:00 AM,https://icohs.edu/,06,073,8,2,0,2,11,-2,-2,ICOHS,-2,1,-999,100,100,2,-999,26,NOT AVAILABLE,-13042954.0877555,3858353.95980573
6326,492306,ESCONDIDO ADULT SCHOOL,220 W CREST STREET,ESCONDIDO,CA,92025,NOT AVAILABLE,(760) 737-8000,1,A,90,SAN DIEGO,06073,USA,33.131225,-117.088454,611519,OTHER TECHNICAL AND TRADE SCHOOLS,https://nces.ed.gov/collegenavigator/?id=492306,12/4/2019 12:00:00 AM,IMAGERY/OTHER,12/16/2019 12:00:00 AM,www.escondidoadultschool.org/,06,073,7,3,0,2,21,-2,-2,NOT AVAILABLE,-2,1,90,-999,90,2,-999,-999,NOT AVAILABLE,-13034227.0770516,3912734.8686864
6327,492324,VISTA ADULT SCHOOL,510 SUNSET DRIVE,VISTA,CA,92081,NOT AVAILABLE,(760) 758-7122,1,A,264,SAN DIEGO,06073,USA,33.1873340000001,-117.240253,611519,OTHER TECHNICAL AND TRADE SCHOOLS,https://nces.ed.gov/collegenavigator/?id=492324,12/4/2019 12:00:00 AM,IMAGERY/OTHER,12/16/2019 12:00:00 AM,vistaadultschool.org/,06,073,7,1,0,2,21,-2,-2,NOT AVAILABLE,-2,1,264,-999,264,2,-999,-999,NOT AVAILABLE,-13051125.2644346,3920195.89891522
6331,492449,PIMA MEDICAL INSTITUTE-SAN MARCOS,111 CAMPUS WAY,SAN MARCOS,CA,92078,8702,(760) 299-4500,3,A,657,SAN DIEGO,06073,USA,33.1369060000001,-117.160199,611210,JUNIOR COLLEGES,https://nces.ed.gov/collegenavigator/?id=492449,12/4/2019 12:00:00 AM,IMAGERY/OTHER,12/12/2019 12:00:00 AM,pmi.edu/,06,073,6,2,40,1,21,-2,-2,NOT AVAILABLE,-2,1,-999,567,567,2,-999,90,NOT AVAILABLE,-13042213.6939186,3913490.07605314
6350,493512,SAN DIEGO GLOBAL KNOWLEDGE UNIVERSITY,"1095 K STREET, SUITE B",SAN DIEGO,CA,92101,7446,(619) 934-0797,3,A,106,SAN DIEGO,06073,USA,32.708222,-117.154966,611310,"COLLEGES, UNIVERSITIES, AND PROFESSIONAL SCHOOLS",https://nces.ed.gov/collegenavigator/?id=493512,11/3/2020 12:00:00 AM,IMAGERY/OTHER,11/3/2020 12:00:00 AM,www.sdgku.edu/,06,073,3,3,20,1,11,-2,-2,NOT AVAILABLE,-2,1,-999,93,93,2,-999,13,NOT AVAILABLE,-13041631.1590233,3856639.0462008
6382,494746,GLENDALE CAREER COLLEGE-BRIGHTWOOD TEACHOUT,8888 BALBOA AVENUE,SAN DIEGO,CA,92123,1506,(858) 715-1123,3,A,217,SAN DIEGO,06073,USA,32.8220450000001,-117.136429,611210,JUNIOR COLLEGES,https://nces.ed.gov/collegenavigator/?id=494746,11/3/2020 12:00:00 AM,IMAGERY/OTHER,11/3/2020 12:00:00 AM,glendalecareer.com/,06,073,6,1,40,1,11,-2,-2,NOT AVAILABLE,-2,1,-999,180,180,2,-999,37,NOT AVAILABLE,-13039567.6296224,3871707.1649196
6437,496186,CALIFORNIA INSTITUTE OF ARTS & TECHNOLOGY-NATIONAL CITY,401 MILE OF CARS WAY SUITE 100,NATIONAL CITY,CA,91950,6610,(877) 559-3621,3,N,152,SAN DIEGO,06073,USA,32.6617033110001,-117.10599827,611210,JUNIOR COLLEGES,https://nces.ed.gov/collegenavigator/?id=496186,10/13/2021 12:00:00 AM,IMAGERY/OTHER,5/25/2022 12:00:00 AM,https://www.ciat.edu/,06,073,6,1,40,1,21,-2,-2,NOT AVAILABLE,-2,1,-999,134,134,2,-999,18,NOT AVAILABLE,-13036180.0962544,3850486.34447755
6441,483586,CALIFORNIA INTERNATIONAL BUSINESS UNIVERSITY,550 WEST B STREET,SAN DIEGO,CA,92101,NOT AVAILABLE,(619) 384-8596,2,A,49,SAN DIEGO,06073,USA,32.718090304,-117.168074854,611310,"COLLEGES, UNIVERSITIES, AND PROFESSIONAL SCHOOLS",https://nces.ed.gov/GLOBALLOCATOR/col_info_popup.asp?ID=483586,9/15/2020 12:00:00 AM,IMAGERY/OTHER,5/12/2021 12:00:00 AM,www.cibu.edu,06,073,2,1,9,1,11,-2,-2,CIBU,-2,1,3,31,34,2,-999,15,NOT AVAILABLE,-13043090.4299754,3857944.67007707
6451,493512,SAN DIEGO GLOBAL KNOWLEDGE UNIVERSITY,"1095 K STREET, SUITE B",SAN DIEGO,CA,92101,7446,(619) 934-0797,3,N,93,SAN DIEGO,06073,USA,32.7082568340001,-117.15517246,611310,"COLLEGES, UNIVERSITIES, AND PROFESSIONAL SCHOOLS",https://nces.ed.gov/GLOBALLOCATOR/col_info_popup.asp?ID=493512,9/15/2020 12:00:00 AM,IMAGERY/OTHER,5/12/2021 12:00:00 AM,www.sdgku.edu,06,073,3,1,7,1,11,-2,-2,NOT AVAILABLE,-2,1,-999,80,80,2,-999,13,NOT AVAILABLE,-13041654.1420453,3856643.65465181
6494,494126,COLUMBIA COLLEGE - NAVAL BASE SAN DIEGO,"3975 NORMAN SCOTT ROAD BUILDING 3280, ROOM B103",SAN DIEGO,CA,92136,5588,NOT AVAILABLE,-3,G,-999,SAN DIEGO,06073,USA,32.6842612290001,-117.115109337,611519,OTHER TECHNICAL AND TRADE SCHOOLS,https://nces.ed.gov/GLOBALLOCATOR/col_info_popup.asp?ID=494126,9/15/2020 12:00:00 AM,IMAGERY/OTHER,5/12/2021 12:00:00 AM,NOT AVAILABLE,06,073,99,-3,-3,-3,11,-2,177065,NOT AVAILABLE,-2,-2,-999,-999,-999,-1,-999,-999,NOT AVAILABLE,-13037194.3355934,3853469.52228683
6542,494746,GLENDALE CAREER COLLEGE-BRIGHTWOOD TEACHOUT,8888 BALBOA AVENUE,SAN DIEGO,CA,92123,1506,(460) 465-0460,3,N,194,SAN DIEGO,06073,USA,32.8220262200001,-117.136424161,611210,JUNIOR COLLEGES,https://nces.ed.gov/GLOBALLOCATOR/col_info_popup.asp?ID=494746,9/15/2020 12:00:00 AM,IMAGERY/OTHER,5/12/2021 12:00:00 AM,glendalecareer.com,06,073,6,2,3,1,11,-2,-2,NOT AVAILABLE,-2,1,-999,162,162,2,-999,32,NOT AVAILABLE,-13039567.0909474,3871704.67719469
6558,494913,FRANCISCAN SCHOOL OF THEOLOGY - SAN DIEGO,5998 ALCALA PARK,SAN DIEGO,CA,92110,2492,NOT AVAILABLE,-3,G,-999,SAN DIEGO,06073,USA,32.7718882290001,-117.191672761,611519,OTHER TECHNICAL AND TRADE SCHOOLS,https://nces.ed.gov/GLOBALLOCATOR/col_info_popup.asp?ID=494913,9/15/2020 12:00:00 AM,IMAGERY/OTHER,5/12/2021 12:00:00 AM,NOT AVAILABLE,06,073,99,-3,-3,-3,11,-2,114734,NOT AVAILABLE,-2,-2,-999,-999,-999,-1,-999,-999,NOT AVAILABLE,-13045717.3369665,3865064.93570992
