X,Y,OBJECTID,ID,NAME,ADDRESS,CITY,STATE,ZIP,ZIP4,TELEPHONE,TYPE,STATUS,POPULATION,COUNTY,COUNTYFIPS,COUNTRY,LATITUDE,LONGITUDE,NAICS_CODE,NAICS_DESC,SOURCE,SOURCEDATE,VAL_METHOD,VAL_DATE,WEBSITE,STATE_ID,ALT_NAME,ST_FIPS,OWNER,TTL_STAFF,BEDS,TRAUMA,HELIPAD
-117.24287107,32.8968589,553,0040992037,SCRIPPS GREEN HOSPITAL,10666 N TORREY PINES RD,LA JOLLA,CA,92037,1027,(858) 455-9100,GENERAL ACUTE CARE,OPEN,173,SAN DIEGO,06073,USA,32.8968589,-117.24287107,622110,GENERAL MEDICAL AND SURGICAL HOSPITALS,https://data.chhs.ca.gov/dataset/3b5b80e8-6b8d-4715-b3c0-2699af6e72e5/resource/098bbc36-044d-441f-9442-1f4db4d8aaa0/download/healthcare_facility_locations.xlsx,2021/10/01 00:00:00+00,IMAGERY,2014/02/10 00:00:00+00,NOT AVAILABLE,080000022,SCRIPPS HEALTH,06,NON-PROFIT,-999,173,NOT AVAILABLE,N
-117.15130103,32.7979585300001,554,0036992123,RADY CHILDREN'S HOSPITAL - SAN DIEGO,3020 CHILDRENS WAY,SAN DIEGO,CA,92123,4223,(858) 966-3001,CHILDREN,OPEN,444,SAN DIEGO,06073,USA,32.79795853,-117.15130103,622110,"CHILDREN'S HOSPITALS, GENERAL",https://data.chhs.ca.gov/dataset/3b5b80e8-6b8d-4715-b3c0-2699af6e72e5/resource/098bbc36-044d-441f-9442-1f4db4d8aaa0/download/healthcare_facility_locations.xlsx,2021/10/01 00:00:00+00,IMAGERY/OTHER,2014/02/10 00:00:00+00,NOT AVAILABLE,080000023,RADY CHILDREN'S HOSPITAL - SAN DIEGO,06,NON-PROFIT,-999,444,LEVEL I PEDIATRIC,Y
-117.15447284,32.7992843500001,555,0042492123,SHARP MEMORIAL HOSPITAL,7901 FROST ST,SAN DIEGO,CA,92123,2701,(858) 939-3400,GENERAL ACUTE CARE,OPEN,656,SAN DIEGO,06073,USA,32.79928435,-117.15447284,622110,GENERAL MEDICAL AND SURGICAL HOSPITALS,https://data.chhs.ca.gov/dataset/3b5b80e8-6b8d-4715-b3c0-2699af6e72e5/resource/098bbc36-044d-441f-9442-1f4db4d8aaa0/download/healthcare_facility_locations.xlsx,2021/10/01 00:00:00+00,IMAGERY/OTHER,2014/02/10 00:00:00+00,NOT AVAILABLE,080000036,SHARP MEMORIAL HOSPITAL,06,NON-PROFIT,-999,656,LEVEL II,Y
-117.00678153,32.7805704400001,556,0015591942,GROSSMONT HOSPITAL,5555 GROSSMONT CENTER DR,LA MESA,CA,91942,3019,(619) 740-5344,GENERAL ACUTE CARE,OPEN,466,SAN DIEGO,06073,USA,32.78057044,-117.00678153,622110,GENERAL MEDICAL AND SURGICAL HOSPITALS,https://data.chhs.ca.gov/dataset/3b5b80e8-6b8d-4715-b3c0-2699af6e72e5/resource/098bbc36-044d-441f-9442-1f4db4d8aaa0/download/healthcare_facility_locations.xlsx,2021/10/01 00:00:00+00,IMAGERY/OTHER,2014/02/10 00:00:00+00,NOT AVAILABLE,080000045,GROSSMONT HOSPITAL CORPORATION,06,NON-PROFIT,-999,466,NOT AVAILABLE,Y
-117.09515955,32.7915625800001,557,0020092120,KAISER FOUNDATION HOSPITAL - ZION,4647 ZION AVE,SAN DIEGO,CA,92120,2507,(619) 528-6295,GENERAL ACUTE CARE,OPEN,368,SAN DIEGO,06073,USA,32.79156258,-117.09515955,622110,GENERAL MEDICAL AND SURGICAL HOSPITALS,https://data.chhs.ca.gov/dataset/3b5b80e8-6b8d-4715-b3c0-2699af6e72e5/resource/098bbc36-044d-441f-9442-1f4db4d8aaa0/download/healthcare_facility_locations.xlsx,2021/10/01 00:00:00+00,IMAGERY/OTHER,2014/02/10 00:00:00+00,NOT AVAILABLE,080000144,KAISER FOUNDATION HOSPITALS,06,NON-PROFIT,-999,368,NOT AVAILABLE,N
-117.22546021,32.88518451,559,0041192037,SCRIPPS MEMORIAL HOSPITAL - LA JOLLA,9888 GENESEE AVE,LA JOLLA,CA,92037,1205,(858) 626-7600,GENERAL ACUTE CARE,OPEN,426,SAN DIEGO,06073,USA,32.88518451,-117.22546021,622110,GENERAL MEDICAL AND SURGICAL HOSPITALS,https://data.chhs.ca.gov/dataset/3b5b80e8-6b8d-4715-b3c0-2699af6e72e5/resource/098bbc36-044d-441f-9442-1f4db4d8aaa0/download/healthcare_facility_locations.xlsx,2021/10/01 00:00:00+00,IMAGERY,2014/02/10 00:00:00+00,NOT AVAILABLE,080000149,SCRIPPS HEALTH,06,NON-PROFIT,-999,426,LEVEL II,Y
-117.28418338,33.0373447800001,560,0041092024,SCRIPPS MEMORIAL HOSPITAL - ENCINITAS,354 SANTA FE DR,ENCINITAS,CA,92024,5142,(760) 633-7424,GENERAL ACUTE CARE,OPEN,187,SAN DIEGO,06073,USA,33.03734478,-117.28418338,622110,GENERAL MEDICAL AND SURGICAL HOSPITALS,https://data.chhs.ca.gov/dataset/3b5b80e8-6b8d-4715-b3c0-2699af6e72e5/resource/098bbc36-044d-441f-9442-1f4db4d8aaa0/download/healthcare_facility_locations.xlsx,2021/10/01 00:00:00+00,IMAGERY,2014/02/10 00:00:00+00,NOT AVAILABLE,080000150,SCRIPPS HEALTH,06,NON-PROFIT,-999,187,LEVEL II,Y
-117.29026731,33.1856204000001,561,0050092056,TRI - CITY MEDICAL CENTER,4002 VISTA WAY,OCEANSIDE,CA,92056,4506,(760) 940-3415,GENERAL ACUTE CARE,OPEN,368,SAN DIEGO,06073,USA,33.1856204,-117.29026731,622110,GENERAL MEDICAL AND SURGICAL HOSPITALS,https://data.chhs.ca.gov/dataset/3b5b80e8-6b8d-4715-b3c0-2699af6e72e5/resource/098bbc36-044d-441f-9442-1f4db4d8aaa0/download/healthcare_facility_locations.xlsx,2021/10/01 00:00:00+00,IMAGERY/OTHER,2014/02/10 00:00:00+00,NOT AVAILABLE,080000152,TRI - CITY HOSPITAL DISTRICT,06,GOVERNMENT - DISTRICT/AUTHORITY,-999,368,NOT AVAILABLE,Y
-117.04416179,32.7746316700001,562,0001591942,ALVARADO PARKWAY INSTITUTE BEHAVIORAL HEALTH SYSTEM,7050 PARKWAY DR,LA MESA,CA,91942,1535,(619) 465-4411,PSYCHIATRIC,OPEN,66,SAN DIEGO,06073,USA,32.77463167,-117.04416179,622210,PSYCHIATRIC AND SUBSTANCE ABUSE HOSPITALS,https://data.chhs.ca.gov/dataset/3b5b80e8-6b8d-4715-b3c0-2699af6e72e5/resource/098bbc36-044d-441f-9442-1f4db4d8aaa0/download/healthcare_facility_locations.xlsx,2021/10/01 00:00:00+00,IMAGERY/OTHER,2014/02/10 00:00:00+00,NOT AVAILABLE,080000156,BH - SD OPCO LLC,06,PROPRIETARY,-999,66,NOT AVAILABLE,N
-117.2904359,33.1856484,563,0196784348,TRI - CITY MEDICAL CENTER D/P APH,4002 VISTA WAY,OCEANSIDE,CA,92056,4506,(760) 724-8411,PSYCHIATRIC,OPEN,18,SAN DIEGO,06073,USA,33.1856484,-117.2904359,622210,PSYCHIATRIC AND SUBSTANCE ABUSE HOSPITALS,https://data.chhs.ca.gov/dataset/3b5b80e8-6b8d-4715-b3c0-2699af6e72e5/resource/098bbc36-044d-441f-9442-1f4db4d8aaa0/download/healthcare_facility_locations.xlsx,2021/10/01 00:00:00+00,IMAGERY/OTHER,2022/02/28 00:00:00+00,NOT AVAILABLE,080000387,TRI - CITY HOSPITAL DISTRICT,06,GOVERNMENT - DISTRICT/AUTHORITY,-999,18,NOT AVAILABLE,N
-117.0752947,33.1250851200001,564,0034292025,PALOMAR MEDICAL CENTER D/P APH,555 E VALLEY PKWY,ESCONDIDO,CA,92025,3048,(760) 739-3001,PSYCHIATRIC,OPEN,288,SAN DIEGO,06073,USA,33.12508512,-117.0752947,622110,GENERAL MEDICAL AND SURGICAL HOSPITALS,https://data.chhs.ca.gov/dataset/3b5b80e8-6b8d-4715-b3c0-2699af6e72e5/resource/098bbc36-044d-441f-9442-1f4db4d8aaa0/download/healthcare_facility_locations.xlsx,2021/10/01 00:00:00+00,IMAGERY,2014/02/10 00:00:00+00,NOT AVAILABLE,080000477,NOT AVAILABLE,06,NOT AVAILABLE,-999,288,NOT AVAILABLE,Y
-117.07531757,32.99118313,565,0002692128,AURORA SAN DIEGO,11878 AVENUE OF INDUSTRY,SAN DIEGO,CA,92128,3423,(858) 487-3200,PSYCHIATRIC,OPEN,101,SAN DIEGO,06073,USA,32.99118313,-117.07531757,622210,PSYCHIATRIC AND SUBSTANCE ABUSE HOSPITALS,https://data.chhs.ca.gov/dataset/3b5b80e8-6b8d-4715-b3c0-2699af6e72e5/resource/098bbc36-044d-441f-9442-1f4db4d8aaa0/download/healthcare_facility_locations.xlsx,2021/10/01 00:00:00+00,IMAGERY/OTHER,2014/02/10 00:00:00+00,NOT AVAILABLE,080000665,"AURORA SAN DIEGO, LLC",06,PROPRIETARY,-999,101,NOT AVAILABLE,N
-117.15447621,32.80601161,566,0042392111,SHARP MCDONALD CENTER,7989 LINDA VISTA RD,SAN DIEGO,CA,92111,5106,(858) 576-1200,REHABILITATION,OPEN,16,SAN DIEGO,06073,USA,32.80601161,-117.15447621,622310,"REHABILITATION HOSPITALS (EXCEPT ALCOHOLISM, DRUG ADDICTION)",https://data.chhs.ca.gov/dataset/3b5b80e8-6b8d-4715-b3c0-2699af6e72e5/resource/098bbc36-044d-441f-9442-1f4db4d8aaa0/download/healthcare_facility_locations.xlsx,2021/10/01 00:00:00+00,IMAGERY/OTHER,2014/02/10 00:00:00+00,NOT AVAILABLE,080000705,SHARP MEMORIAL HOSPITAL,06,NON-PROFIT,-999,16,NOT AVAILABLE,N
-117.05547925,32.9971364800001,567,0035292064,PALOMAR MEDICAL CENTER POWAY D/P APH,15615 POMERADO RD,POWAY,CA,92064,2405,(858) 485-6511,PSYCHIATRIC,OPEN,12,SAN DIEGO,06073,USA,32.99713648,-117.05547925,622210,PSYCHIATRIC AND SUBSTANCE ABUSE HOSPITALS,https://data.chhs.ca.gov/dataset/3b5b80e8-6b8d-4715-b3c0-2699af6e72e5/resource/098bbc36-044d-441f-9442-1f4db4d8aaa0/download/healthcare_facility_locations.xlsx,2021/10/01 00:00:00+00,IMAGERY/OTHER,2022/02/28 00:00:00+00,NOT AVAILABLE,080001257,PALOMAR HEALTH,06,GOVERNMENT - DISTRICT/AUTHORITY,-999,12,NOT AVAILABLE,Y
-117.00694323,32.7807674700001,568,0196784350,GROSSMONT HOSPITAL D/P APH,5555 GROSSMONT CENTER DR,LA MESA,CA,91942,3019,(619) 465-0711,PSYCHIATRIC,OPEN,46,SAN DIEGO,06073,USA,32.78076747,-117.00694323,622210,PSYCHIATRIC AND SUBSTANCE ABUSE HOSPITALS,https://data.chhs.ca.gov/dataset/3b5b80e8-6b8d-4715-b3c0-2699af6e72e5/resource/098bbc36-044d-441f-9442-1f4db4d8aaa0/download/healthcare_facility_locations.xlsx,2021/10/01 00:00:00+00,IMAGERY/OTHER,2022/02/28 00:00:00+00,NOT AVAILABLE,080001283,GROSSMONT HOSPITAL CORPORATION,06,NON-PROFIT,-999,46,NOT AVAILABLE,Y
-117.15497782,32.79829578,569,0042292123,SHARP MARY BIRCH HOSPITAL FOR WOMEN AND NEWBORNS,3003 HEALTH CENTER DR,SAN DIEGO,CA,92123,2700,(858) 939-3400,GENERAL ACUTE CARE,OPEN,206,SAN DIEGO,06073,USA,32.79829578,-117.15497782,622110,GENERAL MEDICAL AND SURGICAL HOSPITALS,https://data.chhs.ca.gov/dataset/3b5b80e8-6b8d-4715-b3c0-2699af6e72e5/resource/098bbc36-044d-441f-9442-1f4db4d8aaa0/download/healthcare_facility_locations.xlsx,2021/10/01 00:00:00+00,IMAGERY/OTHER,2014/02/10 00:00:00+00,NOT AVAILABLE,080001470,SHARP MEMORIAL HOSPITAL,06,NON-PROFIT,-999,206,NOT AVAILABLE,Y
-117.0570646,32.77658639,570,0001392120,ALVARADO HOSPITAL MEDICAL CENTER,6655 ALVARADO RD,SAN DIEGO,CA,92120,5208,(619) 229-3172,GENERAL ACUTE CARE,OPEN,222,SAN DIEGO,06073,USA,32.77658639,-117.0570646,622110,GENERAL MEDICAL AND SURGICAL HOSPITALS,https://data.chhs.ca.gov/dataset/3b5b80e8-6b8d-4715-b3c0-2699af6e72e5/resource/098bbc36-044d-441f-9442-1f4db4d8aaa0/download/healthcare_facility_locations.xlsx,2021/10/01 00:00:00+00,IMAGERY/OTHER,2014/02/10 00:00:00+00,NOT AVAILABLE,090000013,"ALVARADO HOSPITAL, LLC",06,PROPRIETARY,-999,222,NOT AVAILABLE,N
-117.08325873,32.6337464600001,571,0041391910,SCRIPPS MERCY HOSPITAL CHULA VISTA,435 H ST,CHULA VISTA,CA,91910,4307,(619) 691-7240,GENERAL ACUTE CARE,OPEN,173,SAN DIEGO,06073,USA,32.63374646,-117.08325873,622110,GENERAL MEDICAL AND SURGICAL HOSPITALS,https://data.chhs.ca.gov/dataset/3b5b80e8-6b8d-4715-b3c0-2699af6e72e5/resource/098bbc36-044d-441f-9442-1f4db4d8aaa0/download/healthcare_facility_locations.xlsx,2021/10/01 00:00:00+00,IMAGERY,2014/02/10 00:00:00+00,NOT AVAILABLE,090000016,SCRIPPS HEALTH,06,NON-PROFIT,-999,173,NOT AVAILABLE,N
-117.02318561,32.61897607,572,0042091911,SHARP CHULA VISTA MEDICAL CENTER,751 MEDICAL CENTER CT,CHULA VISTA,CA,91911,6617,(619) 502-3670,GENERAL ACUTE CARE,OPEN,349,SAN DIEGO,06073,USA,32.61897607,-117.02318561,622110,GENERAL MEDICAL AND SURGICAL HOSPITALS,https://data.chhs.ca.gov/dataset/3b5b80e8-6b8d-4715-b3c0-2699af6e72e5/resource/098bbc36-044d-441f-9442-1f4db4d8aaa0/download/healthcare_facility_locations.xlsx,2021/10/01 00:00:00+00,IMAGERY,2014/02/10 00:00:00+00,NOT AVAILABLE,090000021,SHARP CHULA VISTA MEDICAL CENTER,06,NON-PROFIT,-999,349,NOT AVAILABLE,N
-117.16005359,32.7514306200001,573,0041292103,SCRIPPS MERCY HOSPITAL,4077 5TH AVE,SAN DIEGO,CA,92103,2105,(619) 260-7101,GENERAL ACUTE CARE,OPEN,446,SAN DIEGO,06073,USA,32.75143062,-117.16005359,622110,GENERAL MEDICAL AND SURGICAL HOSPITALS,https://data.chhs.ca.gov/dataset/3b5b80e8-6b8d-4715-b3c0-2699af6e72e5/resource/098bbc36-044d-441f-9442-1f4db4d8aaa0/download/healthcare_facility_locations.xlsx,2021/10/01 00:00:00+00,IMAGERY,2014/02/10 00:00:00+00,NOT AVAILABLE,090000025,SCRIPPS HEALTH,06,NON-PROFIT,-999,446,LEVEL I,Y
-117.16859221,32.6941428000001,574,0042192118,SHARP CORONADO HOSPITAL AND HEALTHCARE CENTER,250 PROSPECT PL,CORONADO,CA,92118,1943,(619) 522-3600,GENERAL ACUTE CARE,OPEN,59,SAN DIEGO,06073,USA,32.6941428,-117.16859221,622110,GENERAL MEDICAL AND SURGICAL HOSPITALS,https://data.chhs.ca.gov/dataset/3b5b80e8-6b8d-4715-b3c0-2699af6e72e5/resource/098bbc36-044d-441f-9442-1f4db4d8aaa0/download/healthcare_facility_locations.xlsx,2021/10/01 00:00:00+00,IMAGERY,2014/02/10 00:00:00+00,NOT AVAILABLE,090000033,SHARP CORONADO HOSPITAL AND HEALTHCARE CENTER,06,NON-PROFIT,-999,59,NOT AVAILABLE,N
-117.1446454,32.75638366,576,0023292104,KINDRED HOSPITAL - SAN DIEGO,1940 EL CAJON BLVD,SAN DIEGO,CA,92104,1005,(619) 543-4500,GENERAL ACUTE CARE,OPEN,70,SAN DIEGO,06073,USA,32.75638366,-117.1446454,622110,GENERAL MEDICAL AND SURGICAL HOSPITALS,https://data.chhs.ca.gov/dataset/3b5b80e8-6b8d-4715-b3c0-2699af6e72e5/resource/098bbc36-044d-441f-9442-1f4db4d8aaa0/download/healthcare_facility_locations.xlsx,2021/10/01 00:00:00+00,IMAGERY/OTHER,2014/02/10 00:00:00+00,NOT AVAILABLE,090000048,"THC - ORANGE COUNTY, LLC",06,PROPRIETARY,-999,70,NOT AVAILABLE,N
-117.08233671,32.68534055,577,0034392050,PARADISE VALLEY HOSPITAL,2400 E 4TH ST,NATIONAL CITY,CA,91950,2026,(619) 472-4586,GENERAL ACUTE CARE,OPEN,188,SAN DIEGO,06073,USA,32.68534055,-117.08233671,622110,GENERAL MEDICAL AND SURGICAL HOSPITALS,https://data.chhs.ca.gov/dataset/3b5b80e8-6b8d-4715-b3c0-2699af6e72e5/resource/098bbc36-044d-441f-9442-1f4db4d8aaa0/download/healthcare_facility_locations.xlsx,2021/10/01 00:00:00+00,IMAGERY/OTHER,2014/02/10 00:00:00+00,NOT AVAILABLE,090000145,"PRIME HEALTHCARE PARADISE VALLEY, LLC",06,PROPRIETARY,-999,188,NOT AVAILABLE,N
-117.16573138,32.7547702300001,579,0051092103,UC SAN DIEGO HEALTH HILLCREST - HILLCREST MEDICAL CENTER,200 W ARBOR DR,SAN DIEGO,CA,92103,1911,(619) 543-6475,GENERAL ACUTE CARE,OPEN,381,SAN DIEGO,06073,USA,32.75477023,-117.16573138,622110,GENERAL MEDICAL AND SURGICAL HOSPITALS,https://data.chhs.ca.gov/dataset/3b5b80e8-6b8d-4715-b3c0-2699af6e72e5/resource/098bbc36-044d-441f-9442-1f4db4d8aaa0/download/healthcare_facility_locations.xlsx,2021/10/01 00:00:00+00,IMAGERY,2014/02/10 00:00:00+00,NOT AVAILABLE,090000154,THE REGENTS OF THE UNIVERSITY OF CALIFORNIA - UCSD,06,GOVERNMENT - STATE,-999,381,LEVEL I,Y
-117.20206559,32.7536780900001,580,0038792110,SAN DIEGO COUNTY PSYCHIATRIC HOSPITAL,3853 ROSECRANS ST,SAN DIEGO,CA,92110,3115,(619) 692-8232,PSYCHIATRIC,OPEN,109,SAN DIEGO,06073,USA,32.75367809,-117.20206559,622210,PSYCHIATRIC AND SUBSTANCE ABUSE HOSPITALS,https://data.chhs.ca.gov/dataset/3b5b80e8-6b8d-4715-b3c0-2699af6e72e5/resource/098bbc36-044d-441f-9442-1f4db4d8aaa0/download/healthcare_facility_locations.xlsx,2021/10/01 00:00:00+00,IMAGERY/OTHER,2014/02/10 00:00:00+00,NOT AVAILABLE,090000159,COUNTY OF SAN DIEGO,06,GOVERNMENT - LOCAL,-999,109,NOT AVAILABLE,N
-117.0828852,32.6851132,581,0196784351,PARADISE VALLEY HOSPITAL D/P APH,2400 E 4TH ST,NATIONAL CITY,CA,91950,2026,(619) 470-4321,PSYCHIATRIC,OPEN,39,SAN DIEGO,06073,USA,32.6851132,-117.0828852,622210,PSYCHIATRIC AND SUBSTANCE ABUSE HOSPITALS,https://data.chhs.ca.gov/dataset/3b5b80e8-6b8d-4715-b3c0-2699af6e72e5/resource/098bbc36-044d-441f-9442-1f4db4d8aaa0/download/healthcare_facility_locations.xlsx,2021/10/01 00:00:00+00,IMAGERY/OTHER,2022/02/28 00:00:00+00,NOT AVAILABLE,090000338,"PRIME HEALTHCARE PARADISE VALLEY, LLC",06,PROPRIETARY,-999,39,NOT AVAILABLE,Y
-117.1605559,32.7510887,582,0196784352,SCRIPPS MERCY HOSPITAL D/P APH,4077 5TH AVE,SAN DIEGO,CA,92103,2105,NOT AVAILABLE,PSYCHIATRIC,OPEN,36,SAN DIEGO,06073,USA,32.7510887,-117.1605559,622210,PSYCHIATRIC AND SUBSTANCE ABUSE HOSPITALS,https://data.chhs.ca.gov/dataset/3b5b80e8-6b8d-4715-b3c0-2699af6e72e5/resource/098bbc36-044d-441f-9442-1f4db4d8aaa0/download/healthcare_facility_locations.xlsx,2021/10/01 00:00:00+00,IMAGERY/OTHER,2022/02/28 00:00:00+00,NOT AVAILABLE,090000347,SCRIPPS HEALTH,06,NON-PROFIT,-999,36,NOT AVAILABLE,Y
-117.05768127,32.7768583500001,583,0070192120,ALVARADO HOSPITAL MEDICAL CENTER,6645 ALVARADO RD,SAN DIEGO,CA,92120,5208,(619) 229-3172,GENERAL ACUTE CARE,OPEN,80,SAN DIEGO,06073,USA,32.77685835,-117.05768127,622110,GENERAL MEDICAL AND SURGICAL HOSPITALS,https://data.chhs.ca.gov/dataset/3b5b80e8-6b8d-4715-b3c0-2699af6e72e5/resource/098bbc36-044d-441f-9442-1f4db4d8aaa0/download/healthcare_facility_locations.xlsx,2021/10/01 00:00:00+00,IMAGERY/OTHER,2015/01/13 00:00:00+00,NOT AVAILABLE,090000839,"ALVARADO HOSPITAL, LLC",06,PROPRIETARY,-999,80,NOT AVAILABLE,N
-117.15976944,32.74962807,584,0052092103,SELECT SPECIALTY HOSPITAL - SAN DIEGO,555 WASHINGTON ST,SAN DIEGO,CA,92103,2289,(619) 260-8300,GENERAL ACUTE CARE,OPEN,110,SAN DIEGO,06073,USA,32.74962807,-117.15976944,622110,GENERAL MEDICAL AND SURGICAL HOSPITALS,https://data.chhs.ca.gov/dataset/3b5b80e8-6b8d-4715-b3c0-2699af6e72e5/resource/098bbc36-044d-441f-9442-1f4db4d8aaa0/download/healthcare_facility_locations.xlsx,2021/10/01 00:00:00+00,IMAGERY,2014/03/12 00:00:00+00,NOT AVAILABLE,090000977,"VIBRA HOSPITAL OF SAN DIEGO, LLC",06,PROPRIETARY,-999,110,NOT AVAILABLE,N
-117.22559887,32.8780233100001,585,0050592037,UC SAN DIEGO HEALTH LA JOLLA - JACOBS MEDICAL CENTER AND SULPIZIO CARDIOVASCU,9300 CAMPUS POINT DR,LA JOLLA,CA,92037,1300,(858) 657-7000,GENERAL ACUTE CARE,OPEN,418,SAN DIEGO,06073,USA,32.87802331,-117.22559887,622110,GENERAL MEDICAL AND SURGICAL HOSPITALS,https://data.chhs.ca.gov/dataset/3b5b80e8-6b8d-4715-b3c0-2699af6e72e5/resource/098bbc36-044d-441f-9442-1f4db4d8aaa0/download/healthcare_facility_locations.xlsx,2021/10/01 00:00:00+00,IMAGERY/OTHER,2014/02/10 00:00:00+00,NOT AVAILABLE,090001116,THE REGENTS OF THE UNIVERSITY OF CALIFORNIA - UCSD,06,GOVERNMENT - STATE,-999,418,NOT AVAILABLE,Y
-117.07171213,32.61749401,586,0034491911,PARADISE VALLEY HOSP D/P APH BAYVIEW BEHAVIORAL HEALTH,330 MOSS ST,CHULA VISTA,CA,91911,2005,(619) 426-6310,PSYCHIATRIC,OPEN,64,SAN DIEGO,06073,USA,32.61749401,-117.07171213,622110,GENERAL MEDICAL AND SURGICAL HOSPITALS,https://data.chhs.ca.gov/dataset/3b5b80e8-6b8d-4715-b3c0-2699af6e72e5/resource/098bbc36-044d-441f-9442-1f4db4d8aaa0/download/healthcare_facility_locations.xlsx,2021/10/01 00:00:00+00,IMAGERY/OTHER,2014/02/10 00:00:00+00,NOT AVAILABLE,090001561,"PRIME HEALTHCARE PARADISE VALLEY, LLC",06,PROPRIETARY,-999,64,NOT AVAILABLE,N
-117.15509633,32.79562758,776,0042592123,SHARP MESA VISTA HOSPITAL,7850 VISTA HILL AVE,SAN DIEGO,CA,92123,2717,(858) 278-4110,PSYCHIATRIC,OPEN,159,SAN DIEGO,06073,USA,32.79562758,-117.15509633,622210,PSYCHIATRIC AND SUBSTANCE ABUSE HOSPITALS,https://data.chhs.ca.gov/dataset/3b5b80e8-6b8d-4715-b3c0-2699af6e72e5/resource/098bbc36-044d-441f-9442-1f4db4d8aaa0/download/healthcare_facility_locations.xlsx,2021/10/01 00:00:00+00,IMAGERY/OTHER,2014/02/10 00:00:00+00,NOT AVAILABLE,630008921,SHARP MEMORIAL HOSPITAL,06,NON-PROFIT,-999,159,NOT AVAILABLE,N
-117.15147716,32.798193,787,0196784371,RADY CHILDREN'S HOSPITAL TRANSPLANT,3020 CHILDRENS WAY,SAN DIEGO,CA,92123,4223,NOT AVAILABLE,CHILDREN,OPEN,-999,SAN DIEGO,06073,USA,32.798193,-117.15147716,622110,"CHILDREN'S HOSPITALS, GENERAL",https://data.chhs.ca.gov/dataset/3b5b80e8-6b8d-4715-b3c0-2699af6e72e5/resource/098bbc36-044d-441f-9442-1f4db4d8aaa0/download/healthcare_facility_locations.xlsx,2021/10/01 00:00:00+00,IMAGERY/OTHER,2022/02/28 00:00:00+00,NOT AVAILABLE,630012195,RADY CHILDREN'S HOSPITAL - SAN DIEGO,06,NON-PROFIT,-999,-999,NOT AVAILABLE,Y
-117.166135,32.7542698,795,0196784375,UNIVERSITY OF CALIFORNIA SAN DIEGO - TRANSPLANT,200 W ARBOR DR,SAN DIEGO,CA,92103,1911,NOT AVAILABLE,GENERAL ACUTE CARE,OPEN,-999,SAN DIEGO,06073,USA,32.7542698,-117.166135,622110,GENERAL MEDICAL AND SURGICAL HOSPITALS,https://data.chhs.ca.gov/dataset/3b5b80e8-6b8d-4715-b3c0-2699af6e72e5/resource/098bbc36-044d-441f-9442-1f4db4d8aaa0/download/healthcare_facility_locations.xlsx,2021/10/01 00:00:00+00,IMAGERY/OTHER,2022/02/28 00:00:00+00,NOT AVAILABLE,630012612,NOT AVAILABLE,06,NOT AVAILABLE,-999,-999,NOT AVAILABLE,Y
-117.151407,32.7977575,803,0196784376,RADY CHILDREN'S HOSPITAL - SAN DIEGO - PSYCHIATRIC,3020 CHILDRENS WAY,SAN DIEGO,CA,92123,4223,NOT AVAILABLE,CHILDREN,OPEN,24,SAN DIEGO,06073,USA,32.7977575,-117.151407,622110,"CHILDREN'S HOSPITALS, GENERAL",https://data.chhs.ca.gov/dataset/3b5b80e8-6b8d-4715-b3c0-2699af6e72e5/resource/098bbc36-044d-441f-9442-1f4db4d8aaa0/download/healthcare_facility_locations.xlsx,2021/10/01 00:00:00+00,IMAGERY/OTHER,2022/02/28 00:00:00+00,NOT AVAILABLE,630013773,RADY CHILDREN'S HOSPITAL - SAN DIEGO,06,NON-PROFIT,-999,24,NOT AVAILABLE,Y
-117.12137086,33.12221694,804,0072292025,PALOMAR MEDICAL CENTER,2185 CITRACADO PKWY,ESCONDIDO,CA,92029,4159,(442) 281-5000,GENERAL ACUTE CARE,OPEN,286,SAN DIEGO,06073,USA,33.12221694,-117.12137086,622110,GENERAL MEDICAL AND SURGICAL HOSPITALS,https://data.chhs.ca.gov/dataset/3b5b80e8-6b8d-4715-b3c0-2699af6e72e5/resource/098bbc36-044d-441f-9442-1f4db4d8aaa0/download/healthcare_facility_locations.xlsx,2021/10/01 00:00:00+00,IMAGERY/OTHER,2015/01/14 00:00:00+00,NOT AVAILABLE,630013873,PALOMAR HEALTH,06,GOVERNMENT - DISTRICT/AUTHORITY,-999,286,LEVEL II,Y
-117.1252232,32.8303178900001,819,0192092123,KAISER FOUNDATION HOSPITAL - SAN DIEGO,9455 CLAIREMONT MESA BLVD,SAN DIEGO,CA,92123,NOT AVAILABLE,(858) 266-5000,GENERAL ACUTE CARE,OPEN,253,SAN DIEGO,06073,USA,32.83031789,-117.1252232,622110,GENERAL MEDICAL AND SURGICAL HOSPITALS,https://data.chhs.ca.gov/dataset/3b5b80e8-6b8d-4715-b3c0-2699af6e72e5/resource/098bbc36-044d-441f-9442-1f4db4d8aaa0/download/healthcare_facility_locations.xlsx,2021/10/01 00:00:00+00,IMAGERY/OTHER,2020/05/05 00:00:00+00,NOT AVAILABLE,630017096,KAISER FOUNDATION HOSPITALS,06,NON-PROFIT,-999,253,NOT AVAILABLE,N
-117.22595106,32.9838858100001,822,0196784377,"CASA PALMERA CARE CENTER, LLC",14750 EL CAMINO REAL,DEL MAR,CA,92014,4204,(858) 481-4411,REHABILITATION,OPEN,93,SAN DIEGO,06073,USA,32.98388581,-117.22595106,622310,"REHABILITATION HOSPITALS (EXCEPT ALCOHOLISM, DRUG ADDICTION)",https://data.chhs.ca.gov/dataset/3b5b80e8-6b8d-4715-b3c0-2699af6e72e5/resource/098bbc36-044d-441f-9442-1f4db4d8aaa0/download/healthcare_facility_locations.xlsx,2021/10/01 00:00:00+00,IMAGERY/OTHER,2022/02/28 00:00:00+00,NOT AVAILABLE,630019566,"CASA PALMERA CARE CENTER, LLC",06,PROPRIETARY,-999,93,NOT AVAILABLE,N
-117.12104399,33.1199981400001,824,0196784379,PALOMAR REHABILITATION INSTITUTE,2181 CITRACADO PKWY,ESCONDIDO,CA,92029,NOT AVAILABLE,(502) 596-6505,GENERAL ACUTE CARE,OPEN,52,SAN DIEGO,06073,USA,33.11999814,-117.12104399,622110,GENERAL MEDICAL AND SURGICAL HOSPITALS,https://data.chhs.ca.gov/dataset/3b5b80e8-6b8d-4715-b3c0-2699af6e72e5/resource/098bbc36-044d-441f-9442-1f4db4d8aaa0/download/healthcare_facility_locations.xlsx,2021/10/01 00:00:00+00,IMAGERY/OTHER,2022/02/28 00:00:00+00,NOT AVAILABLE,630021871,"PALOMAR HEALTH REHABILITATION INSTITUTE, LLC",06,PROPRIETARY,-999,52,NOT AVAILABLE,N
-117.3888045,33.2213161,1292,0181992055,NAVAL HOSPITAL CAMP PENDLETON,200 MERCY CIRCLE,CAMP PENDLETON,CA,92055,5191,(760) 725-1288,MILITARY,OPEN,42,SAN DIEGO,06073,USA,33.2213161,-117.3888045,622110,GENERAL MEDICAL AND SURGICAL HOSPITALS,https://tricare.mil/finddoctor/mtf,2021/12/02 00:00:00+00,IMAGERY/OTHER,2019/05/16 00:00:00+00,https://www.camp-pendleton.tricare.mil,514,CAMP PENDLETON,06,GOVERNMENT - FEDERAL,-999,42,NOT AVAILABLE,Y
-117.14593729,32.72752023,1298,0000000017,NAVAL MEDICAL CENTER SAN DIEGO,34800 BOB WILSON DRIVE,SAN DIEGO,CA,92134,NOT AVAILABLE,(619) 532-6400,MILITARY,OPEN,272,SAN DIEGO,06073,USA,32.72752023,-117.14593729,622110,GENERAL MEDICAL AND SURGICAL HOSPITALS,https://tricare.mil/finddoctor/mtf,2021/12/02 00:00:00+00,IMAGERY/OTHER,2015/07/24 00:00:00+00,https://sandiego.tricare.mil,452,NAVAL MEDICAL CENTER SAN DIEGO,06,GOVERNMENT - FEDERAL,-999,272,NOT AVAILABLE,Y
-117.23241926,32.8755580500001,6590,0003592161,SAN DIEGO VA MEDICAL CENTER,3350 LA JOLLA VILLAGE DRIVE,SAN DIEGO,CA,92161,0002,(858) 552-8585,MILITARY,OPEN,256,SAN DIEGO,06073,USA,32.87555805,-117.23241926,622110,GENERAL MEDICAL AND SURGICAL HOSPITALS,https://www.va.gov/find-locations,2021/01/11 00:00:00+00,IMAGERY/OTHER,2015/05/21 00:00:00+00,https://www.sandiego.va.gov/locations/directions.asp,VHA_664,NOT AVAILABLE,06,GOVERNMENT - FEDERAL,-999,256,NOT AVAILABLE,N
-116.97411422,32.85234511,7267,0011692071,EDGEMOOR GERIATRIC HOSPITAL,655 PARK CENTER DRIVE,SANTEE,CA,92071,NOT AVAILABLE,NOT AVAILABLE,PSYCHIATRIC,OPEN,192,SAN DIEGO,06073,USA,32.85234511,-116.97411422,622210,PSYCHIATRIC AND SUBSTANCE ABUSE HOSPITALS,http://www.oshpd.ca.gov/hid/facility-listing.html,2020/08/01 00:00:00+00,IMAGERY,2022/04/07 00:00:00+00,http://www.sdcounty.ca.gov,NOT AVAILABLE,NOT AVAILABLE,06,GOVERNMENT - LOCAL,-999,192,NOT AVAILABLE,N
-117.24455884,33.3808119500001,7672,0013092028,FALLBROOK HOSPITAL DISTRICT,624 EAST ELDER STREET,FALLBROOK,CA,92028,NOT AVAILABLE,NOT AVAILABLE,GENERAL ACUTE CARE,CLOSED,47,SAN DIEGO,06073,USA,33.38081195,-117.24455884,622110,GENERAL MEDICAL AND SURGICAL HOSPITALS,http://www.oshpd.ca.gov/hid/facility-listing.html,2020/08/01 00:00:00+00,IMAGERY,2014/02/10 00:00:00+00,http://www.fallbrookhospital.com,NOT AVAILABLE,NOT AVAILABLE,06,GOVERNMENT - DISTRICT/AUTHORITY,-999,47,NOT AVAILABLE,N
-117.07663222,32.74944563,7681,0035892105,PROMISE HOSPITAL OF SAN DIEGO,5550 UNIVERSITY AVENUE,SAN DIEGO,CA,92105,NOT AVAILABLE,NOT AVAILABLE,LONG TERM CARE,CLOSED,57,SAN DIEGO,06073,USA,32.74944563,-117.07663222,622310,SPECIALTY (EXCEPT PSYCHIATRIC AND SUBSTANCE ABUSE) HOSPITALS,http://www.oshpd.ca.gov/hid/facility-listing.html,2020/08/01 00:00:00+00,IMAGERY/OTHER,2014/02/10 00:00:00+00,http://www.promisesandiego.com,NOT AVAILABLE,NOT AVAILABLE,06,PROPRIETARY,-999,57,NOT AVAILABLE,N
-117.24349978,33.37944077,7686,0071592028,FALLBROOK HOSP DISTRICT SKILLED NURSING FACILITY,325 POTTER ST,FALLBROOK,CA,92028,NOT AVAILABLE,NOT AVAILABLE,GENERAL ACUTE CARE,CLOSED,-999,SAN DIEGO,06073,USA,33.37944077,-117.24349978,622110,GENERAL MEDICAL AND SURGICAL HOSPITALS,http://www.oshpd.ca.gov/hid/facility-listing.html,2020/08/01 00:00:00+00,IMAGERY/OTHER,2015/01/14 00:00:00+00,NOT AVAILABLE,NOT AVAILABLE,NOT AVAILABLE,06,NOT AVAILABLE,-999,-999,NOT AVAILABLE,N
